Workbook

Sheet Student_marks
A1: StudentID | B1: StudentName | C1: Module | D1: Gender | E1: Attendance | F1: TestMark | G1: AssignmentMark | H1: FinalMark | I1: Status | J1: Performance | K1: Lecturer
A2: S016 | B2: Precious Ndlovu | C2: Internet Programming | D2: Female | E2: 98 | F2: 95 | G2: 94 | H2: 95 | I2: =IF(H2>=50, "Pass","Fail") -> Pass | J2: =IF(H2>=75,"Excellent",IF(H2>=50,"Pass","At Risk")) -> Excellent | K2: =VLOOKUP(C2,Modules!A:B, 2,FALSE) -> Mr Adams
A3: S002 | B3: Brian Molefe | C3: Database Systems | D3: Male | E3: 85 | F3: 67 | G3: 72 | H3: 70 | I3: =IF(H3>=50, "Pass","Fail") -> Pass | J3: =IF(H3>=75,"Excellent",IF(H3>=50,"Pass","At Risk")) -> Pass | K3: =VLOOKUP(C3,Modules!A:B, 2,FALSE) -> Mrs Smith
A4: S025 | B4: Yolanda Zulu | C4: Data Analytics | D4: Female | E4: 97 | F4: 92 | G4: 94 | H4: 93 | I4: =IF(H4>=50, "Pass","Fail") -> Pass | J4: =IF(H4>=75,"Excellent",IF(H4>=50,"Pass","At Risk")) -> Excellent | K4: =VLOOKUP(C4,Modules!A:B, 2,FALSE) -> Ms Dlamini
A5: S004 | B5: David Khumalo | C5: Database Systems | D5: Male | E5: 60 | F5: 45 | G5: 55 | H5: 50 | I5: =IF(H5>=50, "Pass","Fail") -> Pass | J5: =IF(H5>=75,"Excellent",IF(H5>=50,"Pass","At Risk")) -> Pass | K5: =VLOOKUP(C5,Modules!A:B, 2,FALSE) -> Mrs Smith
A6: S005 | B6: Eric Ndlovu | C6: Database Systems | D6: Male | E6: 78 | F6: 58 | G6: 60 | H6: 59 | I6: =IF(H6>=50, "Pass","Fail") -> Pass | J6: =IF(H6>=75,"Excellent",IF(H6>=50,"Pass","At Risk")) -> Pass | K6: =VLOOKUP(C6,Modules!A:B, 2,FALSE) -> Mrs Smith
A7: S006 | B7: Faith Dlamini | C7: Database Systems | D7: Female | E7: 88 | F7: 74 | G7: 79 | H7: 77 | I7: =IF(H7>=50, "Pass","Fail") -> Pass | J7: =IF(H7>=75,"Excellent",IF(H7>=50,"Pass","At Risk")) -> Excellent | K7: =VLOOKUP(C7,Modules!A:B, 2,FALSE) -> Mrs Smith
A8: S007 | B8: Gift Maseko | C8: Database Systems | D8: Male | E8: 55 | F8: 40 | G8: 48 | H8: 44 | I8: =IF(H8>=50, "Pass","Fail") -> Fail | J8: =IF(H8>=75,"Excellent",IF(H8>=50,"Pass","At Risk")) -> At Risk | K8: =VLOOKUP(C8,Modules!A:B, 2,FALSE) -> Mrs Smith
A9: S008 | B9: Hannah Sithole | C9: Database Systems | D9: Female | E9: 97 | F9: 91 | G9: 93 | H9: 92 | I9: =IF(H9>=50, "Pass","Fail") -> Pass | J9: =IF(H9>=75,"Excellent",IF(H9>=50,"Pass","At Risk")) -> Excellent | K9: =VLOOKUP(C9,Modules!A:B, 2,FALSE) -> Mrs Smith
A10: S009 | B10: Ian Mabaso | C10: Internet Programming | D10: Male | E10: 82 | F10: 69 | G10: 75 | H10: 72 | I10: =IF(H10>=50, "Pass","Fail") -> Pass | J10: =IF(H10>=75,"Excellent",IF(H10>=50,"Pass","At Risk")) -> Pass | K10: =VLOOKUP(C10,Modules!A:B, 2,FALSE) -> Mr Adams
A11: S020 | B11: Thandi Molefe | C11: Mobile Computing | D11: Female | E11: 96 | F11: 90 | G11: 92 | H11: 91 | I11: =IF(H11>=50, "Pass","Fail") -> Pass | J11: =IF(H11>=75,"Excellent",IF(H11>=50,"Pass","At Risk")) -> Excellent | K11: =VLOOKUP(C11,Modules!A:B, 2,FALSE) -> Mr Naidoo | M11: Count Excellent | N11: =COUNTIF(J2:J31,"Excellent") -> 15
A12: S011 | B12: Kabelo Radebe | C12: Internet Programming | D12: Male | E12: 75 | F12: 62 | G12: 68 | H12: 65 | I12: =IF(H12>=50, "Pass","Fail") -> Pass | J12: =IF(H12>=75,"Excellent",IF(H12>=50,"Pass","At Risk")) -> Pass | K12: =VLOOKUP(C12,Modules!A:B, 2,FALSE) -> Mr Adams | M12: Count Pass | N12: =COUNTIF(J2:J31,"Pass") -> 12
A13: S012 | B13: Lerato Ncube | C13: Internet Programming | D13: Female | E13: 89 | F13: 80 | G13: 82 | H13: 81 | I13: =IF(H13>=50, "Pass","Fail") -> Pass | J13: =IF(H13>=75,"Excellent",IF(H13>=50,"Pass","At Risk")) -> Excellent | K13: =VLOOKUP(C13,Modules!A:B, 2,FALSE) -> Mr Adams | M13: Count Risk | N13: =COUNTIF(J2:J31,"At Risk") -> 3
A14: S013 | B14: Michael Zulu | C14: Internet Programming | D14: Male | E14: 58 | F14: 47 | G14: 50 | H14: 49 | I14: =IF(H14>=50, "Pass","Fail") -> Fail | J14: =IF(H14>=75,"Excellent",IF(H14>=50,"Pass","At Risk")) -> At Risk | K14: =VLOOKUP(C14,Modules!A:B, 2,FALSE) -> Mr Adams
A15: S014 | B15: Nomsa Mokoena | C15: Internet Programming | D15: Female | E15: 94 | F15: 89 | G15: 91 | H15: 90 | I15: =IF(H15>=50, "Pass","Fail") -> Pass | J15: =IF(H15>=75,"Excellent",IF(H15>=50,"Pass","At Risk")) -> Excellent | K15: =VLOOKUP(C15,Modules!A:B, 2,FALSE) -> Mr Adams
A16: S015 | B16: Oscar Mthethwa | C16: Internet Programming | D16: Male | E16: 67 | F16: 55 | G16: 60 | H16: 58 | I16: =IF(H16>=50, "Pass","Fail") -> Pass | J16: =IF(H16>=75,"Excellent",IF(H16>=50,"Pass","At Risk")) -> Pass | K16: =VLOOKUP(C16,Modules!A:B, 2,FALSE) -> Mr Adams
A17: S003 | B17: Cindy Mokoena | C17: Database Systems | D17: Female | E17: 95 | F17: 88 | G17: 90 | H17: 89 | I17: =IF(H17>=50, "Pass","Fail") -> Pass | J17: =IF(H17>=75,"Excellent",IF(H17>=50,"Pass","At Risk")) -> Excellent | K17: =VLOOKUP(C17,Modules!A:B, 2,FALSE) -> Mrs Smith
A18: S017 | B18: Quinton Mokoena | C18: Mobile Computing | D18: Male | E18: 87 | F18: 76 | G18: 80 | H18: 78 | I18: =IF(H18>=50, "Pass","Fail") -> Pass | J18: =IF(H18>=75,"Excellent",IF(H18>=50,"Pass","At Risk")) -> Excellent | K18: =VLOOKUP(C18,Modules!A:B, 2,FALSE) -> Mr Naidoo
A19: S024 | B19: Xolani Sithole | C19: Mobile Computing | D19: Male | E19: 93 | F19: 87 | G19: 89 | H19: 88 | I19: =IF(H19>=50, "Pass","Fail") -> Pass | J19: =IF(H19>=75,"Excellent",IF(H19>=50,"Pass","At Risk")) -> Excellent | K19: =VLOOKUP(C19,Modules!A:B, 2,FALSE) -> Mr Naidoo
A20: S019 | B20: Sipho Dlamini | C20: Mobile Computing | D20: Male | E20: 73 | F20: 61 | G20: 65 | H20: 63 | I20: =IF(H20>=50, "Pass","Fail") -> Pass | J20: =IF(H20>=75,"Excellent",IF(H20>=50,"Pass","At Risk")) -> Pass | K20: =VLOOKUP(C20,Modules!A:B, 2,FALSE) -> Mr Naidoo
A21: S010 | B21: Jessica Mthembu | C21: Internet Programming | D21: Female | E21: 91 | F21: 84 | G21: 86 | H21: 85 | I21: =IF(H21>=50, "Pass","Fail") -> Pass | J21: =IF(H21>=75,"Excellent",IF(H21>=50,"Pass","At Risk")) -> Excellent | K21: =VLOOKUP(C21,Modules!A:B, 2,FALSE) -> Mr Adams
A22: S021 | B22: Uyiso Khumalo | C22: Mobile Computing | D22: Male | E22: 65 | F22: 52 | G22: 57 | H22: 55 | I22: =IF(H22>=50, "Pass","Fail") -> Pass | J22: =IF(H22>=75,"Excellent",IF(H22>=50,"Pass","At Risk")) -> Pass | K22: =VLOOKUP(C22,Modules!A:B, 2,FALSE) -> Mr Naidoo
A23: S022 | B23: Valerie Ncube | C23: Mobile Computing | D23: Female | E23: 88 | F23: 79 | G23: 81 | H23: 80 | I23: =IF(H23>=50, "Pass","Fail") -> Pass | J23: =IF(H23>=75,"Excellent",IF(H23>=50,"Pass","At Risk")) -> Excellent | K23: =VLOOKUP(C23,Modules!A:B, 2,FALSE) -> Mr Naidoo
A24: S023 | B24: Wandile Maseko | C24: Mobile Computing | D24: Male | E24: 59 | F24: 44 | G24: 49 | H24: 47 | I24: =IF(H24>=50, "Pass","Fail") -> Fail | J24: =IF(H24>=75,"Excellent",IF(H24>=50,"Pass","At Risk")) -> At Risk | K24: =VLOOKUP(C24,Modules!A:B, 2,FALSE) -> Mr Naidoo
A25: S018 | B25: Rorisang Nkosi | C25: Mobile Computing | D25: Female | E25: 90 | F25: 82 | G25: 84 | H25: 83 | I25: =IF(H25>=50, "Pass","Fail") -> Pass | J25: =IF(H25>=75,"Excellent",IF(H25>=50,"Pass","At Risk")) -> Excellent | K25: =VLOOKUP(C25,Modules!A:B, 2,FALSE) -> Mr Naidoo
... A31: S030 | B31: Dineo Molefe | C31: Data Analytics | D31: Female | E31: 95 | F31: 88 | G31: 9 | H31: 68 | I31: =IF(H31>=50, "Pass","Fail") -> Pass | J31: =IF(H31>=75,"Excellent",IF(H31>=50,"Pass","At Risk")) -> Pass | K31: =VLOOKUP(C31,Modules!A:B, 2,FALSE) -> Ms Dlamini

Sheet Modules
A1: Module | B1: Lecturer
A2: Mobile Computing | B2: Mr Naidoo
A3: Database Systems | B3: Mrs Smith
A4: Internet Programming | B4: Mr Adams
A5: Data Analytics | B5: Ms Dlamini
